fecha,FlujoMaximo,flujoPromedio,NroLecturas,NroEquipos
02/04/2013,83
03/04/2013,90
09/04/2013,85
14/05/2013,80
13/08/2013,51
28/08/2013,41
14/05/2014,84
02/07/2014,676
18/07/2014,106
11/08/2014,905
12/08/2014,668
02/09/2014,100
18/09/2014,120
19/09/2014,418
22/09/2014,530
24/09/2014,390
22/10/2014,1064
10/03/2015,875
28/05/2015,2658
31/05/2015,285
22/06/2015,467
10/08/2015,930
12/08/2015,787
18/09/2015,1311
06/11/2015,360
18/03/2016,132
19/03/2016,549
20/03/2016,282
21/03/2016,265
22/03/2016,487
23/03/2016,368
24/03/2016,84
25/03/2016,553
26/03/2016,750
27/03/2016,127
28/03/2016,330
29/03/2016,395
30/03/2016,234
31/03/2016,29
01/04/2016,853
02/04/2016,1339
04/04/2016,1505
05/04/2016,344
06/04/2016,652
07/04/2016,1951
08/04/2016,1423
09/04/2016,466
10/04/2016,854
12/04/2016,494
14/04/2016,498
15/04/2016,992
16/04/2016,746
17/04/2016,15
23/05/2016,3182
24/05/2016,844
25/05/2016,1505
26/05/2016,1422
27/05/2016,1377
28/05/2016,1247
29/05/2016,518
30/05/2016,1605
31/05/2016,1930
01/06/2016,2763
02/06/2016,1837
03/06/2016,2344
04/06/2016,2262
05/06/2016,1588
06/06/2016,1125
07/06/2016,1104
08/06/2016,793
09/06/2016,558
10/06/2016,929
11/06/2016,664
12/06/2016,1006
13/06/2016,599
14/06/2016,623
15/06/2016,530
16/06/2016,736
17/06/2016,1591
18/06/2016,2080
19/06/2016,2046
20/06/2016,1314
21/06/2016,2484
22/06/2016,842
23/06/2016,1787
24/06/2016,1274
25/06/2016,2760
26/06/2016,1587
27/06/2016,1985
28/06/2016,1735
29/06/2016,2235
30/06/2016,1670
01/07/2016,1602
02/07/2016,1481
03/07/2016,3442
04/07/2016,2243
05/07/2016,1681
06/07/2016,1251
07/07/2016,1340
08/07/2016,2592
09/07/2016,726
10/07/2016,1530
11/07/2016,694
12/07/2016,804
13/07/2016,946
14/07/2016,703
15/07/2016,1701
16/07/2016,634
17/07/2016,644
18/07/2016,1159
19/07/2016,983
20/07/2016,565
21/07/2016,488
22/07/2016,1010
23/07/2016,624
24/07/2016,1389
25/07/2016,1321
26/07/2016,752
27/07/2016,637
28/07/2016,473
29/07/2016,735
30/07/2016,1335
31/07/2016,594
01/08/2016,731
02/08/2016,761
03/08/2016,1204
04/08/2016,710
05/08/2016,2481
06/08/2016,2398
07/08/2016,1131
08/08/2016,1389
09/08/2016,1536
10/08/2016,1040
11/08/2016,934
12/08/2016,577
13/08/2016,792
14/08/2016,795
15/08/2016,1743
16/08/2016,1091
17/08/2016,973
18/08/2016,4030
19/08/2016,1316
20/08/2016,1923
21/08/2016,3237
22/08/2016,2042
23/08/2016,1349
24/08/2016,1279
25/08/2016,2357
26/08/2016,1738
27/08/2016,1674
28/08/2016,4366
29/08/2016,974
30/08/2016,400
31/08/2016,1290
01/09/2016,1976,741
02/09/2016,3330,1787
03/09/2016,4732,2010
04/09/2016,2301,1334
05/09/2016,4302,2316
06/09/2016,2274,861
07/09/2016,2775,1389
08/09/2016,4853,1822
09/09/2016,986,366
10/09/2016,384,250
11/09/2016,342,176
12/09/2016,324,164
13/09/2016,529,301
14/09/2016,1733,441
15/09/2016,1072,499
16/09/2016,1334,393
17/09/2016,537,198
18/09/2016,1975,544
19/09/2016,2062,978
20/09/2016,2037,709
21/09/2016,1229,711
22/09/2016,1449,626
23/09/2016,3140,906
24/09/2016,1879,996
25/09/2016,1663,600
26/09/2016,1546,652
27/09/2016,1490,581
28/09/2016,897,368
29/09/2016,1350,694
30/09/2016,955,454
01/10/2016,1245,609
02/10/2016,1153,508
03/10/2016,1829,778
04/10/2016,1528,799
05/10/2016,1432,577
06/10/2016,1595,751
07/10/2016,1558,791
08/10/2016,3098,1413
09/10/2016,2310,1228
10/10/2016,2551,1295
11/10/2016,2439,1304
12/10/2016,3833,2297
13/10/2016,4728,2264
14/10/2016,3278,1638
15/10/2016,2765,1231
16/10/2016,3500,1158
17/10/2016,1927,1020
18/10/2016,2893,1389
19/10/2016,1280,565
20/10/2016,1406,490
21/10/2016,1779,669
22/10/2016,7173,1823
23/10/2016,2012,852
24/10/2016,2093,818
25/10/2016,2247,1148
26/10/2016,1768,949
27/10/2016,1930,658
28/10/2016,2324,1017
29/10/2016,2103,883
30/10/2016,1389,882
31/10/2016,1785,859
01/11/2016,2031,986
02/11/2016,1879,1072
03/11/2016,2500,1227
04/11/2016,2046,860
05/11/2016,2569,904
06/11/2016,2400,879
07/11/2016,3250,1707
08/11/2016,3307,1492
09/11/2016,1856,906
10/11/2016,3493,2060
11/11/2016,3058,19
12/11/2016,2918,1406
13/11/2016,3346,1224
14/11/2016,2708,1483
15/11/2016,2945,1536
16/11/2016,1325,863
17/11/2016,3178,1404
18/11/2016,1765,635
19/11/2016,5118,2296
20/11/2016,7009,2624
21/11/2016,3299,1600
22/11/2016,3105,945
23/11/2016,1888,1202
24/11/2016,1761,1059
25/11/2016,2286,1400
26/11/2016,1917,988
27/11/2016,2892,1231
28/11/2016,3023,1148
29/11/2016,2104,1080
30/11/2016,1547,725
01/12/2016,1757,622
02/12/2016,2529,835
03/12/2016,815,362
04/12/2016,2404,999
05/12/2016,1736,209
06/12/2016,1949,78
07/12/2016,2029,811
08/12/2016,1317,828
09/12/2016,2634,867
10/12/2016,3153,1412
11/12/2016,1428,599
12/12/2016,1784,7
13/12/2016,1955,1080
14/12/2016,1814,975
15/12/2016,662,216
16/12/2016,727,159
17/12/2016,610,180
18/12/2016,3428,261
19/12/2016,2990,221
20/12/2016,858,73
21/12/2016,332,186
22/12/2016,715,140
23/12/2016,259,114
24/12/2016,742,156
25/12/2016,2059,342
26/12/2016,2544,421
27/12/2016,1315,410
28/12/2016,1861,247
29/12/2016,2195,847
30/12/2016,2704,1253
31/12/2016,997,109
01/01/2017,1880,683,81,2
02/01/2017,4538,1871,81,2
03/01/2017,315,159,19,2
04/01/2017,1185,244,54,2
05/01/2017,2251,1017,38,2
06/01/2017,2049,443,24,2
07/01/2017,1661,704,66,1
08/01/2017,1395,525,84,2
09/01/2017,552,312,11,2
10/01/2017,1533,551,46,2
11/01/2017,1431,449,63,2
12/01/2017,2096,785,50,2
13/01/2017,538,239,39,2
14/01/2017,686,328,24,2
15/01/2017,1784,613,42,2
16/01/2017,1499,295,34,2
17/01/2017,359,242,15,2
18/01/2017,1167,923,10,2
19/01/2017,273,177,36,1
20/01/2017,0,0,0
21/01/2017,426,249,14,1
22/01/2017,514,46,2
23/01/2017,1874,646,77,2
24/01/2017,2858,1081,78,2
25/01/2017,771,206,60,1
26/01/2017,1108,246,75,1
27/01/2017,294,182,15,1
28/01/2017,215,153,5,1
29/01/2017,1657,347,32,1
30/01/2017,1239,369,74,1
31/01/2017,981,218,70,1
01/02/2017,2505
02/02/2017,1886
03/02/2017,2060
04/02/2017,1780
05/02/2017,1706
06/02/2017,2357
07/02/2017,941
08/02/2017,282
09/02/2017,252
10/02/2017,2862
11/02/2017,3828
12/02/2017,2129
13/02/2017,326
14/02/2017,484
15/02/2017,918,384
16/02/2017,1167
17/02/2017,1082
18/02/2017,1036
19/02/2017,2593
20/02/2017,941
21/02/2017,951
22/02/2017,471
23/02/2017,472
24/02/2017,4070
25/02/2017,605
26/02/2017,3525
27/02/2017,1489,426
28/02/2017,5962,1906
01/03/2017,2563,567
02/03/2017,1730
03/03/2017,2023
04/03/2017,1278
05/03/2017,616
06/03/2017,1641
07/03/2017,1151
08/03/2017,1380
09/03/2017,1704
10/03/2017,2217
11/03/2017,343
12/03/2017,343
13/03/2017,642
14/03/2017,378
15/03/2017,1821,348
16/03/2017,1138
17/03/2017,2391
18/03/2017,793
19/03/2017,122
20/03/2017,1923
21/03/2017,3309
22/03/2017,2847
23/03/2017,2367
24/03/2017,2271
25/03/2017,1220
26/03/2017,2607
27/03/2017,2578
28/03/2017,945
29/03/2017,299
30/03/2017,2195
31/03/2017,844
01/04/2017,1000,473
02/04/2017,109
03/04/2017,2102
04/04/2017,862
05/04/2017,2367
06/04/2017,1317
07/04/2017,2802
08/04/2017,1380
09/04/2017,1096
10/04/2017,792
11/04/2017,1096
12/04/2017,1834
13/04/2017,1120
14/04/2017,1315
15/04/2017,488
16/04/2017,4051
17/04/2017,603
18/04/2017,805
19/04/2017,636
20/04/2017,99
21/04/2017,1220
22/04/2017,1398
23/04/2017,1338
24/04/2017,1574
25/04/2017,594
26/04/2017,1164
27/04/2017,992
28/04/2017,556
29/04/2017,668
30/04/2017,601
01/05/2017,1478,677
02/05/2017,1599,488
03/05/2017,467
04/05/2017,1526
05/05/2017,1716
06/05/2017,1195
07/05/2017,329
08/05/2017,1980
09/05/2017,2224
10/05/2017,1910
11/05/2017,992
12/05/2017,627
13/05/2017,590
14/05/2017,746
15/05/2017,1253,478
16/05/2017,504
17/05/2017,213
18/05/2017,2195
19/05/2017,937
20/05/2017,866
21/05/2017,1098
22/05/2017,2427
23/05/2017,2168
24/05/2017,1776
25/05/2017,3904
26/05/2017,1594
27/05/2017,3260
28/05/2017,2668
29/05/2017,1492
30/05/2017,432
31/05/2017,328
01/06/2017,387,205
02/06/2017,1444,503
03/06/2017,1703,583
04/06/2017,1169,474
05/06/2017,1844,708
06/06/2017,3392,1527
07/06/2017,1558,684
08/06/2017,768,292
09/06/2017,990,369
10/06/2017,458,272
11/06/2017,282,209
12/06/2017,725,320,62,1
13/06/2017,748,344,64,1
14/06/2017,3557,811,60,1
15/06/2017,1797,365,54,1
16/06/2017,606,323,60,1
17/06/2017,1202,420,60,1
18/06/2017,793,394,64,1
19/06/2017,860,304,59,1
20/06/2017,1378,391,64,1
21/06/2017,1083,345,61,1
22/06/2017,1358,353,64,1
23/06/2017,2372,641,63,1
24/06/2017,5703,1845,62,1
25/06/2017,2750,1317,61,1
26/06/2017,535,240,60,1
27/06/2017,1415,620,63,1
28/06/2017,931,420,61,1
29/06/2017,376,183,61,1
30/06/2017,943,583,43,1
01/07/2017,1472,483,51,1
02/07/2017,312,207,54,1
03/07/2017,963,317,42,1
04/07/2017,968,217,41,1
05/07/2017,2239,960,49,1
06/07/2017,1216,431,54,1
07/07/2017,947,307,61,1
08/07/2017,216,116,32,1
09/07/2017,1666,404,34,1
10/07/2017,2500,700,35,1
11/07/2017,2157,761,53,1
12/07/2017,997,476,47,1
13/07/2017,1309,366,51,1
14/07/2017,1063,323,60,1
15/07/2017,390,169,55,1
16/07/2017,2959,841,58,1
17/07/2017,1054,395,59,1
18/07/2017,291,116,60,1
19/07/2017,392,187,40,1
20/07/2017,802,195,30,1
21/07/2017,1945,580,55,1
22/07/2017,2120,869,61,1
23/07/2017,2692,642,48,1
24/07/2017,2527,906,54,2
25/07/2017,1385,564,46,2
26/07/2017,1824,691,47,2
27/07/2017,1447,547,51,2
28/07/2017,2530,782,54,2
29/07/2017,2503,635,37,2
30/07/2017,1051,514,48,2
31/07/2017,1774,717,55,2
01/08/2017,1154,634,48,2
02/08/2017,1773,393,43,2
03/08/2017,1428,592,54,2
04/08/2017,2254,889,51,2
05/08/2017,1971,748,56,2
06/08/2017,1594,511,55,2
07/08/2017,774,376,55,2
08/08/2017,912,462,36,2
09/08/2017,891,443,55,2
10/08/2017,674,355,52,2
11/08/2017,521,335,45,2
12/08/2017,824,268,42,2
13/08/2017,594,251,52,2
14/08/2017,1174,408,52,2
15/08/2017,949,382,55,2
16/08/2017,1291,364,52,1
17/08/2017,404,241,42,1
18/08/2017,402,224,64,2
19/08/2017,1116,257,88,3
20/08/2017,1898,279,79,2
21/08/2017,602,163,83,3
22/08/2017,1252,203,91,3
23/08/2017,1687,195,100,3
24/08/2017,825,231,97,2
25/08/2017,608,149,104,2
26/08/2017,2368,688,52,3
27/08/2017,1192,938,8,3
28/08/2017,1593,646,44,3
29/08/2017,796,307,52,3
30/08/2017,3329,749,24,3
31/08/2017,2817,526,95,3
01/09/2017,2970,820,68,3
02/09/2017,1497,557,40,2
03/09/2017,1220,551,39,1
04/09/2017,1257,539,37,1
05/09/2017,1118,453,86,2
06/09/2017,1136,325,90,2
07/09/2017,803,399,108,1
08/09/2017,863,406,56,3
09/09/2017,1808,569,92,2
10/09/2017,421,271,140,1
11/09/2017,1838,781,80,3
12/09/2017,4624,1763,40,1
13/09/2017,561,330,50,1
14/09/2017,769,471,80,2
15/09/2017,990,408,70,2
16/09/2017,1946,385,72,2
17/09/2017,558,220,86,2
18/09/2017,1185,514,77,2
19/09/2017,1750,692,60,3
20/09/2017,270,149,88,2
21/09/2017,1566,526,60,3
22/09/2017,686,349,57,2
23/09/2017,874,403,45,2
24/09/2017,949,334,66,2
25/09/2017,1335,430,68,2
26/09/2017,748,371,83,3
27/09/2017,847,366,54,2
28/09/2017,1602,631,88,2
29/09/2017,2005,893,60,2
30/09/2017,3522,1533,50,2
01/10/2017,3717,1262,59,2
02/10/2017,1124,249,46,3
03/10/2017,1306,417,76,2
04/10/2017,1753,895,68,2
05/10/2017,873,422,100,3
06/10/2017,949,364,96,3
07/10/2017,1181,403,82,3
08/10/2017,534,107,99,2
09/10/2017,1366,349,98,3
10/10/2017,1287,608,67,3
11/10/2017,1998,853,62,3
12/10/2017,1738,496,115,1
13/10/2017,1494,522,67,3
14/10/2017,969,263,60,2
15/10/2017,2313,337,60,2
16/10/2017,2196,623,40,2
17/10/2017,1140,437,76,2
18/10/2017,865,295,107,3
19/10/2017,925,350,134,3
20/10/2017,726,304,121,2
21/10/2017,1231,282,124,3
22/10/2017,471,104,108,3
23/10/2017,1137,598,134,3
24/10/2017,989,463,145,3
25/10/2017,2009,603,127,3
26/10/2017,1410,493,104,3
27/10/2017,1357,659,124,3
28/10/2017,1187,512,114,2
29/10/2017,2635,662,140,2
30/10/2017,3996,978,133,2
31/10/2017,1136,303,130,2
01/11/2017,891,324,141,2
02/11/2017,1434,613,151,2
03/11/2017,2085,788,109,3
04/11/2017,1011,330,136,3
05/11/2017,1877,800,132,3
06/11/2017,1790,564,98,3
07/11/2017,856,246,132,3
08/11/2017,2763,1080,133,3
09/11/2017,1671,729,150,3
10/11/2017,541,175,74,3
11/11/2017,1167,535,93,3
12/11/2017,635,300,69,2
13/11/2017,3103,1376,70,2
14/11/2017,1629,616,92,3
15/11/2017,1027,337,22,2
16/11/2017,701,372,120,3
17/11/2017,509,240,113,3
18/11/2017,1192,538,104,3
19/11/2017,726,258,128,3
20/11/2017,1087,260,112,3
21/11/2017,932,325,127,3
22/11/2017,1203,435,126,3
23/11/2017,2944,1180,80,3
24/11/2017,850,338,79,3
25/11/2017,1248,501,140,3
26/11/2017,1569,640,147,3
27/11/2017,1592,556,127,3
28/11/2017,2036,600,77,3
29/11/2017,834,328,33,3
30/11/2017,1362,474,82,3
01/12/2017,1826,386,38,3
02/12/2017,1666,840,89,3
03/12/2017,1999,900,90,3
04/12/2017,1392,593,101,3
05/12/2017,1374,573,95,3
06/12/2017,832,243,96,3
07/12/2017,1231,520,78,3
08/12/2017,1863,642,78,3
09/12/2017,916,149,31,1
10/12/2017,674,106,40,2
11/12/2017,1233,673,18,3
12/12/2017,1423,541,22,3
13/12/2017,645,317,11,3
14/12/2017,1912,900,17,3
15/12/2017,2022,817,16,3
16/12/2017,487,263,57,3
17/12/2017,783,318,28,3
18/12/2017,3143,1002,65,3
19/12/2017,1738,173,23,3
20/12/2017,1050,369,59,3
21/12/2017,1542,252,33,3
22/12/2017,1102,410,75,3
23/12/2017,588,251,125,2
24/12/2017,1117,401,122,3
25/12/2017,900,362,118,3
26/12/2017,1034,364,88,2
27/12/2017,577,365,22,2
28/12/2017,223,223,13,3
29/12/2017,496,186,31,1
30/12/2017,59,59,10,2
31/12/2017,202,138,6,2
01/01/2018,1823,442,75,3
02/01/2018,2073,573,63,3
03/01/2018,2558,939,102,3
04/01/2018,1076,274,85,2
05/01/2018,3409,720,167,2
06/01/2018,443,259,38,3
07/01/2018,644,309,32,3
08/01/2018,285,199,13,2
09/01/2018,1072,294,87,3
10/01/2018,735,287,43,1
11/01/2018,1153,478,78,2
12/01/2018,2071,402,76,2
13/01/2018,1225,508,34,2
14/01/2018,738,292,70,2
15/01/2018,874,411,27,1
16/01/2018,2443,794,151,3
17/01/2018,652,413,27,3
18/01/2018,503,412,18,3
19/01/2018,3410,1041,73,3
20/01/2018,875,668,73,3
21/01/2018,1209,390,12,3
22/01/2018,3477,576,41,3
23/01/2018,3043,1179,112,2
24/01/2018,2242,837,159,3
25/01/2018,939,236,117,3
26/01/2018,1043,489,127,3
27/01/2018,1559,525,108,3
28/01/2018,622,248,109,2
29/01/2018,1523,458,112,2
30/01/2018,2325,826,79,2
31/01/2018,3388,666,82,2
01/02/2018,2114,891,68,2
02/02/2018,984,413,78,2
03/02/2018,1116,278,92,2
04/02/2018,151,118,9,2
05/02/2018,440,206,15,2
06/02/2018,580,109,36,2
07/02/2018,612,155,33,2
08/02/2018,617,198,82,2
09/02/2018,1670,565,62,2
10/02/2018,2062,777,53,2
11/02/2018,938,222,80,2
12/02/2018,2312,609,84,2
13/02/2018,1152,274,14,2
14/02/2018,2123,941,105,2
15/02/2018,9270,2809,131,2
16/02/2018,1360,400,78,2
17/02/2018,231,77,14,2
18/02/2018,581,174,27,2
19/02/2018,533,200,77,2
20/02/2018,1662,421,77,2
21/02/2018,1926,291,47,2
22/02/2018,1517,454,51,2
23/02/2018,1465,530,62,2
24/02/2018,658,545,17,2
25/02/2018,2092,619,83,2
26/02/2018,633,174,55,2
27/02/2018,1614,605,73,2
28/02/2018,889,141,41,3
01/03/2018,1951,456,101,3
02/03/2018,2398,456,101,3
03/03/2018,2440,594,81,3
04/03/2018,1609,379,64,3
05/03/2018,1906,439,78,3
06/03/2018,1131,467,99,3
07/03/2018,1074,347,92,3
08/03/2018,951,251,100,3
09/03/2018,2396,660,81,3
10/03/2018,1295,550,40,3
11/03/2018,1202,449,85,3
12/03/2018,1689,520,79,3
13/03/2018,1305,963,36,3
14/03/2018,3110,763,90,2
15/03/2018,2037,592,76,2
16/03/2018,331,142,68,2
17/03/2018,1733,1038,37,3
18/03/2018,798,348,65,2
19/03/2018,512,222,46,1
20/03/2018,120,93,48,2
21/03/2018,5193,2130,72,2
22/03/2018,1462,573,29,1
23/03/2018,609,238,10,2
24/03/2018,730,164,41,2
25/03/2018,863,391,40,2
26/03/2018,1851,819,73,3
27/03/2018,1580,695,64,3
28/03/2018,1404,619,73,2
29/03/2018,824,301,84,3
30/03/2018,2855,648,73,3
31/03/2018,689,243,65,3
01/04/2018,1225,433,101,3
02/04/2018,1065,321,97,2
03/04/2018,3299,727,99,2
04/04/2018,1514,479,98,3
05/04/2018,2066,805,129,3
06/04/2018,2965,1436,82,2
07/04/2018,3806,1057,53,1
08/04/2018,790,424,60,1
09/04/2018,422,297,3,1
10/04/2018,2726,1044,93,3
11/04/2018,2473,962,97,3
12/04/2018,968,603,56,2
13/04/2018,582,460,46,2
14/04/2018,1666,696,35,1
15/04/2018,651,483,41,2
16/04/2018,733,255,81,2
17/04/2018,3421,1120,73,3
18/04/2018,1719,559,92,3
19/04/2018,1779,467,64,3
20/04/2018,1432,491,57,3
21/04/2018,1324,1041,73,2
22/04/2018,2489,450,55,2
23/04/2018,978,244,21,3
24/04/2018,2759,1151,52,2
25/04/2018,4331,1922,75,2
26/04/2018,2254,831,86,3
27/04/2018,2095,786,82,2
28/04/2018,2104,486,55,3
29/04/2018,2437,1417,59,3
30/04/2018,879,527,22,3
01/05/2018,882,438,55,1
02/05/2018,1291,640,38,3
03/05/2018,1611,598,94,3
04/05/2018,976,458,122,3
05/05/2018,1299,497,97,3
06/05/2018,2662,509,90,3
07/05/2018,802,322,107,3
08/05/2018,1781,707,93,3
09/05/2018,771,326,96,3
10/05/2018,2432,651,193,3
11/05/2018,809,285,83,2
12/05/2018,1868,1071,85,2
13/05/2018,6173,2735,29,2
14/05/2018,1620,695,39,2
15/05/2018,1798,593,52,2
16/05/2018,2017,556,48,2
17/05/2018,1120,458,40,2
18/05/2018,2187,988,31,2
19/05/2018,3147,855,58,2
20/05/2018,783,605,54,2
21/05/2018,891,315,41,2
22/05/2018,2109,911,49,2
23/05/2018,3016,1289,53,2
24/05/2018,3956,1001,49,2
25/05/2018,3613,940,49,2
26/05/2018,2387,1156,48,2
27/05/2018,1862,663,49,2
28/05/2018,1860,1179,46,2
29/05/2018,2870,997,62,2
30/05/2018,5571,1970,43,2
31/05/2018,1704,885,73,1
01/06/2018,1624,1078,52,2
02/06/2018,3976,1226,40,2
03/06/2018,296,166,9,1
04/06/2018,4103,1979,29,1
05/06/2018,5605,1553,46,2
06/06/2018,2057,483,41,2
07/06/2018,3607,1668,44,2
08/06/2018,1200,652,47,2
09/06/2018,2687,1113,52,2
10/06/2018,4104,1152,44,2
11/06/2018,1235,756,46,1
12/06/2018,2080,768,56,2
13/06/2018,2804,1282,34,2
14/06/2018,4298,2469,39,2
15/06/2018,2000,774,50,2
16/06/2018,732,315,55,2
17/06/2018,1172,311,52,2
18/06/2018,1490,801,36,1
19/06/2018,934,542,35,1
20/06/2018,790,393,50,2
21/06/2018,4952,1946,49,1
22/06/2018,2384,1223,50,1
23/06/2018,1785,463,50,1
24/06/2018,2776,1040,57,1
25/06/2018,2576,1197,73,1
26/06/2018,2419,1077,70,2
27/06/2018,2158,815,81,2
28/06/2018,2990,1305,81,2
29/06/2018,2050,991,73,1
30/06/2018,2756,1618,74,1
01/07/2018,2500,767,51,1
02/07/2018,3578,1600,69,1
03/07/2018,4715,2110,78,1
04/07/2018,3075,1453,72,1
05/07/2018,1704,774,82,1
06/07/2018,2583,1197,77,1
07/07/2018,2892,1160,66,1
08/07/2018,4473,1711,80,1
09/07/2018,1216,563,68,1
10/07/2018,877,157,78,1
11/07/2018,2653,1242,63,1
12/07/2018,5544,3203,57,1
13/07/2018,14859,4575,70,1
14/07/2018,5931,1432,76,1
15/07/2018,2396,590,75,1
16/07/2018,3147,1005,72,1
17/07/2018,6836,2753,70,1
18/07/2018,12068,3880,62,1
19/07/2018,4442,1530,73,1
20/07/2018,6687,2371,55,2
21/07/2018,3424,789,100,2
22/07/2018,1459,633,112,2
23/07/2018,2708,1055,52,3
24/07/2018,1633,826,63,2
25/07/2018,3750,1463,167,2
26/07/2018,4195,1607,104,3
27/07/2018,1992,952,106,3
28/07/2018,1268,399,106,3
29/07/2018,3342,469,123,3
30/07/2018,2857,933,100,3
31/07/2018,1510,374,59,2
01/08/2018,1235,685,29,2
02/08/2018,4997,1791,70,2
03/08/2018,3193,774,80,2
04/08/2018,4240,1641,78,2
05/08/2018,875,447,99,2
06/08/2018,1486,534,81,2
07/08/2018,1282,502,73,2
08/08/2018,1337,563,99,2
09/08/2018,2702,740,84,2
10/08/2018,597,273,79,2
11/08/2018,646,217,86,2
12/08/2018,1291,548,77,2
13/08/2018,404,202,75,2
14/08/2018,1526,323,89,2
15/08/2018,1791,501,97,2
16/08/2018,1669,431,104,2
17/08/2018,608,235,103,3
18/08/2018,1242,460,79,2
19/08/2018,3099,819,100,2
20/08/2018,1526,800,78,2
21/08/2018,1657,577,80,2
22/08/2018,1617,914,54,2
23/08/2018,2200,465,103,2
24/08/2018,887,346,82,3
25/08/2018,2228,989,80,2
26/08/2018,1250,408,95,2
27/08/2018,732,280,78,3
28/08/2018,2144,1053,79,3
29/08/2018,2119,936,75,3
30/08/2018,1201,607,69,3
31/08/2018,1869,792,90,3
01/09/2018,3364,1171,107,3
02/09/2018,3969,1839,42,3
03/09/2018,2379,731,84,3
04/09/2018,872,315,108,3
05/09/2018,1296,539,111,3
06/09/2018,789,193,101,2
07/09/2018,882,460,98,2
08/09/2018,656,448,39,2
09/09/2018,2268,1094,61,2
10/09/2018,768,325,102,3
11/09/2018,402,134,136,3
12/09/2018,2059,776,143,3
13/09/2018,1688,718,101,3
14/09/2018,1523,518,87,3
15/09/2018,1178,526,75,3
16/09/2018,1064,620,80,3
17/09/2018,1596,704,105,2
18/09/2018,927,305,103,2
19/09/2018,442,138,88,2
20/09/2018,284,66,78,2
21/09/2018,719,250,94,2
22/09/2018,1285,400,97,2
23/09/2018,751,258,82,2
24/09/2018,836,318,97,2
25/09/2018,674,309,85,2
26/09/2018,517,247,106,2
27/09/2018,1197,528,148,2
28/09/2018,759,272,148,2
29/09/2018,3250,673,54,2
30/09/2018,678,186,67,2
01/10/2018,5027,1380,109,2
02/10/2018,1325,704,86,2
03/10/2018,2492,765,81,2
04/10/2018,1573,418,84,2
05/10/2018,2423,1140,59,2
06/10/2018,2384,805,126,2
07/10/2018,434,177,169,2
08/10/2018,1579,690,159,2
09/10/2018,2320,865,156,2
10/10/2018,1283,681,150,2
11/10/2018,944,361,184,2
12/10/2018,949,354,151,2
13/10/2018,2714,891,75,2
14/10/2018,3132,794,133,2
15/10/2018,569,174,106,2
16/10/2018,704,194,99,2
17/10/2018,952,406,154,2
18/10/2018,2045,629,179,3
19/10/2018,2163,591,160,3
20/10/2018,3437,489,142,2
21/10/2018,558,227,91,2
22/10/2018,1407,549,121,2
23/10/2018,1248,461,176,2
24/10/2018,1888,1019,167,2
25/10/2018,1714,650,168,2
26/10/2018,821,443,148,2
27/10/2018,1392,296,143,2
28/10/2018,2671,155,128,2
29/10/2018,1150,438,131,2
30/10/2018,1541,517,131,2
31/10/2018,2265,141,5,2
01/11/2018,2060,280,63,2
02/11/2018,2276,761,158,2
03/11/2018,1825,670,111,2
04/11/2018,1340,401,146,2
05/11/2018,2329,571,157,2
06/11/2018,701,225,136,2
07/11/2018,1729,522,148,2
08/11/2018,2517,584,147,2
09/11/2018,2096,270,158,2
10/11/2018,2320,611,104,2
11/11/2018,2179,985,175,2
12/11/2018,1582,681,189,2
13/11/2018,2972,671,172,2
14/11/2018,1659,624,136,2
15/11/2018,1290,408,163,2
16/11/2018,730,336,152,2
17/11/2018,1160,390,151,2
18/11/2018,1724,597,142,2
19/11/2018,2096,271,169,2
20/11/2018,1862,545,128,3
21/11/2018,2358,623,175,3
22/11/2018,2957,1639,101,2
23/11/2018,2088,331,141,2
24/11/2018,683,285,168,2
25/11/2018,1535,680,164,2
26/11/2018,1526,606,173,2
27/11/2018,1412,392,176,2
28/11/2018,4591,1980,150,2
29/11/2018,376,175,133,2
30/11/2018,827,421,153,2
01/12/2018,2381,777,150,2
02/12/2018,1150,596,156,2
03/12/2018,663,310,135,2
04/12/2018,1021,329,150,2
05/12/2018,2081,619,145,2
06/12/2018,3439,1826,183,3
07/12/2018,2101,797,136,3
08/12/2018,1842,522,150,3
09/12/2018,999,337,59,3
10/12/2018,1194,332,28,2
11/12/2018,2534,1157,103,3
12/12/2018,1971,724,123,3
13/12/2018,3136,785,178,3
14/12/2018,2557,895,147,3
15/12/2018,2507,937,139,3
16/12/2018,1175,447,135,3
17/12/2018,2360,586,124,3
18/12/2018,1100,371,131,3
19/12/2018,970,377,178,3
20/12/2018,1009,318,161,3
21/12/2018,1538,774,170,3
22/12/2018,2724,724,137,3
23/12/2018,1462,466,205,3
24/12/2018,1123,306,200,3
25/12/2018,1256,314,173,3
26/12/2018,3892,723,158,3
27/12/2018,2559,623,118,3
28/12/2018,816,210,120,2
29/12/2018,1199,430,158,2
30/12/2018,1424,116,123,2
31/12/2018,714,247,70,2
01/01/2019,1506,336,52,2
02/01/2019,3092,1121,108,2
03/01/2019,3132,1391,95,2
04/01/2019,4141,1753,93,2
05/01/2019,2218,441,133,2
06/01/2019,3177,931,91,2
07/01/2019,1251,342,70,2
08/01/2019,1765,615,74,2
09/01/2019,3961,1336,71,2
10/01/2019,4165,871,117,2
11/01/2019,1563,614,123,2
12/01/2019,700,208,75,2
13/01/2019,224,70,56,2
14/01/2019,1992,553,97,2
15/01/2019,2187,753,68,2
16/01/2019,1602,316,66,2
17/01/2019,777,227,45,2
18/01/2019,1612,606,44,2
19/01/2019,2187,753,99,2
20/01/2019,863,283,53,2
21/01/2019,393,211,11,2
22/01/2019,1556,403,13,2
23/01/2019,1560,520,86,2
24/01/2019,3314,1173,80,2
25/01/2019,401,401,7,2
26/01/2019,813,340,9,2
27/01/2019,757,222,37,2
28/01/2019,1984,374,55,2
29/01/2019,761,255,51,2
30/01/2019,859,227,32,2
31/01/2019,3588,1034,127,2
01/02/2019,6756,982,75,2
02/02/2019,1586,327,92,2
03/02/2019,3181,1180,70,2
04/02/2019,1171,547,114,2
05/02/2019,2912,629,72,2
06/02/2019,2559,721,151,2
07/02/2019,3615,1374,75,2
08/02/2019,1741,426,89,2
09/02/2019,1852,384,160,2
10/02/2019,1021,204,119,2
11/02/2019,3635,564,117,2
12/02/2019,577,158,74,2
13/02/2019,3233,1173,78,2
14/02/2019,2231,669,73,2
15/02/2019,2236,520,67,2
16/02/2019,1850,367,105,2
17/02/2019,134,66,33,2
18/02/2019,134,64,12,2
19/02/2019,338,158,22,2
20/02/2019,1244,236,91,2
21/02/2019,2954,821,29,2
22/02/2019,2526,498,47,2
23/02/2019,694,225,42,2
24/02/2019,928,368,63,2
25/02/2019,6846,1699,60,2
26/02/2019,1282,427,89,2
27/02/2019,973,256,107,2
28/02/2019,686,214,63,2
01/03/2019,310,138,25,2
02/03/2019,540,190,17,2
03/03/2019,3361,1386,107,2
04/03/2019,852,205,71,2
05/03/2019,391,150,29,2
06/03/2019,892,326,15,2
07/03/2019,1227,360,42,2
08/03/2019,778,298,42,2
09/03/2019,2219,1001,65,2
10/03/2019,1088,334,97,2
11/03/2019,987,162,59,2
12/03/2019,914,195,76,2
13/03/2019,2451,444,89,2
14/03/2019,826,271,110,2
15/03/2019,530,167,121,2
16/03/2019,1339,608,98,2
17/03/2019,467,332,122,2
18/03/2019,1857,198,106,2
19/03/2019,788,189,129,2
20/03/2019,1123,443,113,2
21/03/2019,1330,640,146,2
22/03/2019,2117,339,131,2
23/03/2019,1717,583,96,2
24/03/2019,702,306,82,2
25/03/2019,833,306,112,2
26/03/2019,1449,657,111,2
27/03/2019,2882,1137,73,2
28/03/2019,2781,707,49,2
29/03/2019,2802,707,60,2
30/03/2019,2104,816,132,2
31/03/2019,2994,1289,92,2
01/04/2019,1194,410,82,2
02/04/2019,1058,553,85,2
03/04/2019,1899,773,105,2
04/04/2019,701,457,114,2
05/04/2019,4188,1946,60,2
06/04/2019,1771,689,129,2
07/04/2019,788,318,72,2
08/04/2019,2348,723,129,2
09/04/2019,1187,495,117,2
10/04/2019,1227,356,93,2
11/04/2019,1539,437,115,2
12/04/2019,2385,609,107,2
13/04/2019,1208,324,111,2
14/04/2019,1014,490,125,2
15/04/2019,1545,641,118,3
16/04/2019,967,415,104,3
17/04/2019,2088,703,104,2
18/04/2019,5570,1950,70,2
19/04/2019,829,289,69,2
20/04/2019,995,290,57,2
21/04/2019,2758,580,91,2
22/04/2019,1958,715,90,2
23/04/2019,1270,576,85,2
24/04/2019,2911,1455,82,2
25/04/2019,2213,1023,84,2
26/04/2019,1964,1009,105,2
27/04/2019,4023,1715,103,2
28/04/2019,337,74,54,2
29/04/2019,813,260,120,2
30/04/2019,455,251,115,2
01/05/2019,3988,2082,98,2
02/05/2019,11770,3875,97,2
03/05/2019,8032,3025,91,2
04/05/2019,2992,848,108,2
05/05/2019,1738,862,91,2
06/05/2019,6001,1533,87,2
07/05/2019,1679,930,100,2
08/05/2019,2184,2226,88,2
09/05/2019,1587,806,103,2
10/05/2019,3709,1237,95,2
11/05/2019,5079,2105,96,2
12/05/2019,6156,2008,107,2
13/05/2019,3529,1014,121,2
14/05/2019,2191,1264,83,2
15/05/2019,2347,1323,100,2
16/05/2019,1703,1141,50,2
17/05/2019,3829,1486,58,2
18/05/2019,2016,871,58,2
19/05/2019,2002,1277,58,2
20/05/2019,10680,4379,99,2
21/05/2019,3562,1333,130,2
22/05/2019,3657,1694,98,2
23/05/2019,4389,1801,79,2
24/05/2019,3848,1449,95,2
25/05/2019,3082,1126,96,2
26/05/2019,3050,1353,96,2
27/05/2019,3850,1625,99,1
28/05/2019,2597,1400,96,2
29/05/2019,2791,1439,97,2
30/05/2019,2757,1602,97,2
31/05/2019,2626,1024,97,2
01/06/2019,3909,1434,104,2
02/06/2019,2276,924,91,2
03/06/2019,5739,2684,38,2
04/06/2019,2513,937,26,2
05/06/2019,2948,1300,9,2
06/06/2019,2669,658,41,2
07/06/2019,1198,431,73,2
08/06/2019,3566,1443,91,2
09/06/2019,3219,1154,96,2
10/06/2019,2706,1103,98,2
11/06/2019,1213,693,93,2
12/06/2019,1553,626,93,2
13/06/2019,2632,1360,95,2
14/06/2019,2565,1344,83,2
15/06/2019,3234,1383,99,2
16/06/2019,4527,2182,92,2
17/06/2019,2970,1347,93,2
18/06/2019,1980,1004,97,2
19/06/2019,2813,970,78,2
20/06/2019,3247,1086,61,2
21/06/2019,8012,3674,84,2
22/06/2019,2896,1108,86,2
23/06/2019,1533,684,10,2
24/06/2019,2718,1368,85,2
25/06/2019,10920,3464,81,2
26/06/2019,10945,2931,94,2
27/06/2019,3174,1549,94,2
28/06/2019,5967,2378,94,2
29/06/2019,1392,628,96,2
30/06/2019,4529,1800,79,2
01/07/2019,3841,1411,87,2
02/07/2019,8356,4639,85,2
03/07/2019,6060,3868,74,2
04/07/2019,2258,1100,88,2
05/07/2019,3716,1102,84,2
06/07/2019,919,423,82,2
07/07/2019,1596,592,88,2
08/07/2019,2817,1224,81,2
09/07/2019,1892,626,114,2
10/07/2019,2142,1024,92,2
11/07/2019,2034,799,97,2
12/07/2019,1517,843,148,2
13/07/2019,2779,1291,95,2
14/07/2019,2888,1032,93,2
15/07/2019,1179,509,93,2
16/07/2019,3658,1377,94,2
17/07/2019,4328,1724,100,2
18/07/2019,2844,1255,82,2
19/07/2019,7192,3004,83,2
20/07/2019,4070,1774,92,2
21/07/2019,6053,2170,92,2
22/07/2019,4050,1787,86,2
23/07/2019,12814,4652,86,2
24/07/2019,8251,1777,68,2
25/07/2019,3576,1650,75,2
26/07/2019,1913,831,91,2
27/07/2019,10431,2908,92,2
28/07/2019,1506,614,95,2
29/07/2019,1361,545,90,2
30/07/2019,1514,561,57,2
31/07/2019,487,180,83,2
01/08/2019,2758,1310,91,2
02/08/2019,3175,1321,82,2
03/08/2019,2569,1156,36,2
04/08/2019,1223,274,41,2
05/08/2019,2370,494,69,2
06/08/2019,3248,1069,62,2
07/08/2019,2812,704,90,2
08/08/2019,2628,1099,88,2
09/08/2019,2157,1077,92,2
10/08/2019,3504,1023,92,2
11/08/2019,3523,1392,88,2
12/08/2019,2077,974,94,2
13/08/2019,4859,1827,85,2
14/08/2019,2773,903,90,2
15/08/2019,2156,622,81,2
16/08/2019,1332,318,67,2
17/08/2019,1365,458,93,2
18/08/2019,2141,686,95,2
19/08/2019,531,209,94,2
20/08/2019,3938,1141,95,2
21/08/2019,1388,473,101,2
22/08/2019,1786,496,111,3
23/08/2019,1545,592,157,3
24/08/2019,1879,1013,166,3
25/08/2019,5113,1302,83,2
26/08/2019,1727,358,50,2
27/08/2019,2264,754,87,2
28/08/2019,2368,1016,172,3
29/08/2019,649,179,54,2
30/08/2019,1055,243,103,3
31/08/2019,1407,524,169,3
01/09/2019,1573,812,97,3
02/09/2019,2952,1465,122,3
03/09/2019,2459,1277,75,2
04/09/2019,3291,1289,84,2
05/09/2019,4055,2055,78,2
06/09/2019,10151,3840,94,2
07/09/2019,7722,2903,93,2
08/09/2019,10543,4535,86,2
09/09/2019,3188,1258,90,2
10/09/2019,6164,2279,87,2
11/09/2019,2751,1527,107,2
12/09/2019,6495,2595,81,2
13/09/2019,8726,2313,86,2
14/09/2019,6250,2127,100,2
15/09/2019,3293,1702,91,2
16/09/2019,2990,873,57,2
17/09/2019,1459,583,63,2
18/09/2019,4039,1561,19,2
19/09/2019,1013,472,93,2
20/09/2019,2141,912,74,2
21/09/2019,2095,715,51,2
22/09/2019,410,216,33,2
23/09/2019,493,222,15,2
24/09/2019,470,331,14,2
25/09/2019,538,179,50,2
26/09/2019,1566,427,45,2
27/09/2019,396,150,27,2
28/09/2019,434,379,5,2
29/09/2019,539,183,21,2
30/09/2019,282,101,48,2
01/10/2019,1826,572,57,2
02/10/2019,3611,2013,86,2
03/10/2019,2981,1149,83,2
04/10/2019,2092,1083,97,2
05/10/2019,4763,1894,90,2
06/10/2019,3183,1998,89,2
07/10/2019,2895,1223,85,2
08/10/2019,750,321,30,2
09/10/2019,620,393,12,2
10/10/2019,505,213,22,2
11/10/2019,601,339,33,2
12/10/2019,2090,922,101,2
13/10/2019,2800,978,85,2
14/10/2019,1447,591,83,2
15/10/2019,3424,606,107,2
16/10/2019,2342,1050,165,3
17/10/2019,806,385,70,2
18/10/2019,2077,1033,73,2
19/10/2019,1364,620,82,2
20/10/2019,4497,2351,101,2
21/10/2019,1535,465,73,2
22/10/2019,3066,593,73,2
23/10/2019,535,189,55,2
24/10/2019,1558,584,94,2
25/10/2019,2090,545,75,2
26/10/2019,244,71,76,2
27/10/2019,400,160,14,2
28/10/2019,836,227,44,2
29/10/2019,619,239,36,2
30/10/2019,949,333,28,2
31/10/2019,3107,1069,50,2
01/11/2019,1740,589,61,2
02/11/2019,895,338,27,2
03/11/2019,790,295,89,2
04/11/2019,1329,356,111,2
05/11/2019,893,304,86,2
06/11/2019,1699,368,90,2
07/11/2019,1347,388,99,2
08/11/2019,3368,487,107,2
09/11/2019,642,236,121,2
10/11/2019,3766,1175,85,2
11/11/2019,1512,492,101,2
12/11/2019,1494,372,89,2
13/11/2019,1673,511,114,2
14/11/2019,1744,541,114,2
15/11/2019,1115,420,120,2
16/11/2019,1460,507,90,2
17/11/2019,1377,443,83,2
18/11/2019,1059,405,82,2
19/11/2019,290,166,15,2
20/11/2019,1097,791,41,3
21/11/2019,2081,632,56,3
22/11/2019,448,173,13,2
23/11/2019,685,281,40,2
24/11/2019,530,180,31,2
25/11/2019,2938,627,97,2
26/11/2019,1722,584,103,2
27/11/2019,4053,802,191,2
28/11/2019,10557,3926,147,2
29/11/2019,4082,2033,171,2
30/11/2019,2494,1002,169,2
01/12/2019,1479,504,122,2
02/12/2019,2905,958,168,2
03/12/2019,3718,889,171,2
04/12/2019,1125,528,120,2
05/12/2019,940,337,131,2
06/12/2019,1512,471,179,2
07/12/2019,928,466,79,2
08/12/2019,3751,1000,153,2
09/12/2019,2781,820,169,2
10/12/2019,1652,555,88,2
11/12/2019,837,235,86,2
12/12/2019,443,183,74,2
13/12/2019,402,145,68,2
14/12/2019,2272,700,52,2
15/12/2019,4338,1032,95,2
16/12/2019,2424,654,80,2
17/12/2019,1688,522,59,2
18/12/2019,1674,450,81,2
19/12/2019,1664,521,173,2
20/12/2019,2514,455,169,2
21/12/2019,1007,437,57,2
22/12/2019,1243,389,63,2
23/12/2019,1196,355,72,2
24/12/2019,838,254,87,2
25/12/2019,1729,540,89,2
26/12/2019,2065,561,115,2
27/12/2019,3228,837,88,2
28/12/2019,3242,878,148,2
29/12/2019,2555,434,127,2
30/12/2019,2012,898,98,2
31/12/2019,964,296,96,2
01/01/2020,1119,137,14,1
02/01/2020,816,208,56,1
03/01/2020,2926,1060,61,1
04/01/2020,2861,761,6,2
05/01/2020,1114,306,19,1
06/01/2020,3135,1052,102,2
07/01/2020,1152,433,140,2
08/01/2020,953,403,128,2
09/01/2020,1703,562,109,2
10/01/2020,2344,439,132,2
11/01/2020,531,184,111,2
12/01/2020,1109,344,90,2
13/01/2020,607,232,31,2
15/01/2020,1111,309,119,2
16/01/2020,3128,179,61,2
17/01/2020,2049,661,75,2
18/01/2020,2195,603,68,2
19/01/2020,1698,646,92,2
20/01/2020,1466,263,45,2
21/01/2020,74,38,9,2
22/01/2020,1046,453,63,2
23/01/2020,2783,1315,81,2
24/01/2020,119,88,21,2
25/01/2020,1303,602,18,2
26/01/2020,160,68,41,2
27/01/2020,3689,633,140,2
28/01/2020,8164,1940,197,2
29/01/2020,1260,413,147,2
30/01/2020,3285,1437,114,2
31/01/2020,2005,632,139,2
01/02/2020,3077,976,92,2
02/02/2020,3313,555,58,2
03/02/2020,870,285,99,2
04/02/2020,4643,927,150,2
05/02/2020,1683,349,47,2
06/02/2020,1664,658,102,2
07/02/2020,3209,829,108,2
08/02/2020,57,56,7,2
09/02/2020,1438,322,105,2
10/02/2020,3828,1482,80,2
11/02/2020,4720,1617,103,2
12/02/2020,376,90,51,2
13/02/2020,1917,667,94,2
14/02/2020,1871,1014,137,2
15/02/2020,1349,457,98,2
16/02/2020,3646,3646,111,2
17/02/2020,1348,376,137,2
18/02/2020,1082,395,102,2
19/02/2020,3457,1274,86,2
20/02/2020,2487,543,93,2
21/02/2020,517,265,19,2
22/02/2020,609,252,41,2
23/02/2020,898,261,89,2
24/02/2020,759,375,30,2
25/02/2020,406,205,20,2
26/02/2020,486,65,52,2
27/02/2020,618,228,49,2
28/02/2020,731,199,52,2
29/02/2020,1223,329,80,2
01/03/2020,632,155,59,2
02/03/2020,1415,412,86,2
03/03/2020,883,473,31,2
04/03/2020,246,68,46,2
05/03/2020,1882,608,40,2
06/03/2020,720,337,76,2
07/03/2020,505,194,93,2
08/03/2020,1615,605,82,2
09/03/2020,6089,439,133,2
10/03/2020,3963,706,125,2
11/03/2020,1630,400,95,2
12/03/2020,478,159,32,2
13/03/2020,1542,619,112,2
14/03/2020,3232,507,121,2
15/03/2020,515,327,61,2
16/03/2020,2574,619,91,2
17/03/2020,2430,468,53,2
18/03/2020,1840,445,69,2
19/03/2020,923,314,62,2
20/03/2020,1780,530,103,2
21/03/2020,925,185,90,2
22/03/2020,285,133,11,2
23/03/2020,5439,1847,100,2
24/03/2020,662,187,33,2
25/03/2020,336,122,44,2
26/03/2020,1097,309,102,2
27/03/2020,2219,623,159,2
28/03/2020,1411,558,65,2
29/03/2020,2686,1238,79,2
30/03/2020,10688,2495,80,2
31/03/2020,415,204,25,2
01/04/2020,325,168,7,2
02/04/2020,768,339,7,1
03/04/2020,2979,1096,131,2
04/04/2020,1272,635,123,2
05/04/2020,6540,1599,125,2
06/04/2020,976,315,63,1
07/04/2020,1486,794,117,2
08/04/2020,874,412,66,1
09/04/2020,2576,754,142,2
10/04/2020,4736,1274,149,2
11/04/2020,1372,836,119,2
12/04/2020,2821,1092,131,2
13/04/2020,4472,2274,135,2
14/04/2020,1738,788,128,2
15/04/2020,1960,917,129,2
16/04/2020,3481,962,120,2
17/04/2020,1956,883,135,2
18/04/2020,1448,776,121,2
19/04/2020,2269,1121,134,2
20/04/2020,1931,869,121,2
21/04/2020,1172,500,140,2
22/04/2020,1778,509,138,2
23/04/2020,1986,921,79,2
24/04/2020,2034,1271,127,2
25/04/2020,2207,944,150,2
26/04/2020,1858,596,138,2
27/04/2020,1345,469,90,2
28/04/2020,868,416,126,2
29/04/2020,1030,407,77,2
30/04/2020,773,258,120,2
01/05/2020,1799,733,77,2
02/05/2020,691,203,96,2
03/05/2020,1289,861,60,2
04/05/2020,1632,683,64,2
05/05/2020,4293,1273,143,2
06/05/2020,1168,464,146,2
07/05/2020,1613,942,125,2
08/05/2020,1163,597,112,2
09/05/2020,3140,719,117,2
10/05/2020,572,292,116,2
11/05/2020,1413,743,113,2
12/05/2020,3852,2130,49,2
13/05/2020,2387,1472,125,2
14/05/2020,2747,1409,111,2
15/05/2020,5770,2315,123,2
16/05/2020,5568,2263,119,2
17/05/2020,4017,1971,125,2
18/05/2020,3111,1620,127,2
19/05/2020,5429,2139,118,2
20/05/2020,3034,1295,115,2
21/05/2020,6779,2526,114,2
22/05/2020,3126,1278,121,2
23/05/2020,5365,2764,119,2
24/05/2020,2054,558,43,2
25/05/2020,878,255,42,2
26/05/2020,1897,605,74,2
27/05/2020,1176,658,109,2
28/05/2020,835,384,122,2
29/05/2020,2130,1199,158,2
30/05/2020,9417,2428,111,2
31/05/2020,6596,2252,112,2
01/06/2020,2921,1355,92,2
02/06/2020,4639,1470,112,2
03/06/2020,8431,3055,118,2
04/06/2020,3031,1613,81,2
05/06/2020,3968,1874,128,2
06/06/2020,1479,531,119,2
07/06/2020,1264,665,103,2
08/06/2020,1437,484,107,2
09/06/2020,1782,766,75,2
10/06/2020,2217,960,71,2
11/06/2020,1694,637,79,2
12/06/2020,1793,590,107,2
13/06/2020,2040,673,105,2
14/06/2020,1470,450,113,2
15/06/2020,3085,871,65,2
16/06/2020,1913,872,96,2
17/06/2020,2463,1144,106,2
18/06/2020,625,259,28,2
19/06/2020,2221,1061,35,2
20/06/2020,1149,760,34,2
21/06/2020,3457,1161,107,2
22/06/2020,2050,1178,106,2
23/06/2020,7632,2572,109,2
24/06/2020,3410,1483,105,2
25/06/2020,5278,2301,92,2
26/06/2020,5789,2865,88,2
27/06/2020,4700,2952,109,2
28/06/2020,2241,960,105,2
29/06/2020,4383,2005,108,2
30/06/2020,1352,339,107,2
01/07/2020,785,268,100,2
02/07/2020,4036,2164,54,2
03/07/2020,1244,321,58,2
04/07/2020,1077,507,106,2
05/07/2020,2954,1402,118,2
06/07/2020,4269,2209,109,2
07/07/2020,3272,1843,113,2
08/07/2020,6005,1827,105,2
09/07/2020,2593,787,110,2
10/07/2020,1968,1050,119,2
11/07/2020,2545,1000,106,2
12/07/2020,1214,513,106,2
13/07/2020,1560,637,113,2
14/07/2020,1217,444,105,2
15/07/2020,880,266,98,2
16/07/2020,1085,294,104,2
17/07/2020,1211,377,107,2
18/07/2020,1922,589,79,2
19/07/2020,1991,656,68,2
20/07/2020,2134,749,58,2
21/07/2020,1569,494,65,2
22/07/2020,703,150,102,2
23/07/2020,1555,745,104,2
24/07/2020,2751,1042,99,2
25/07/2020,1484,558,90,2
26/07/2020,1308,662,110,2
27/07/2020,5878,1531,41,2
28/07/2020,1821,600,71,2
29/07/2020,200,109,59,2
30/07/2020,1712,790,83,2
31/07/2020,1611,586,86,2
01/08/2020,1356,399,80,2
02/08/2020,2325,462,45,2
03/08/2020,1580,405,34,2
04/08/2020,278,11,50,2
05/08/2020,825,196,28,2
06/08/2020,1238,353,50,2
07/08/2020,667,218,106,2
08/08/2020,1252,387,84,2
09/08/2020,1162,354,81,2
10/08/2020,960,310,93,2
11/08/2020,2918,1118,109,2
12/08/2020,2100,863,105,2
13/08/2020,3184,1036,97,2
14/08/2020,3588,1610,103,2
15/08/2020,3838,1696,110,2
16/08/2020,5107,1613,116,2
17/08/2020,5278,1465,114,2
18/08/2020,2769,1181,120,2
19/08/2020,1919,809,88,2
20/08/2020,2074,912,129,2
21/08/2020,1985,871,130,2
22/08/2020,3398,1001,110,2
23/08/2020,6831,1892,111,2
24/08/2020,10704,4146,110,2
25/08/2020,4673,2223,104,2
26/08/2020,9685,2622,104,2
27/08/2020,8488,2959,114,2
28/08/2020,1609,624,121,2
29/08/2020,2764,550,86,2
30/08/2020,5546,1800,81,2
31/08/2020,9689,3213,117,2
01/09/2020,7535,2108,115,2
02/09/2020,1661,675,99,2
03/09/2020,1163,575,115,2
04/09/2020,1851,967,120,2
05/09/2020,1272,554,118,2
06/09/2020,1533,882,125,2
07/09/2020,1996,617,127,2
08/09/2020,2400,564,135,2
09/09/2020,1800,542,107,2
10/09/2020,1608,755,97,2
11/09/2020,2488,310,108,2
12/09/2020,2604,1634,116,2
13/09/2020,3184,1470,96,2
14/09/2020,8800,4086,43,2
15/09/2020,5684,2154,115,2
16/09/2020,3613,1871,120,2
17/09/2020,3578,1779,114,2
18/09/2020,4795,1705,118,2
19/09/2020,2079,847,116,2
20/09/2020,3553,1578,113,2
21/09/2020,3655,2214,109,2
22/09/2020,7805,959,111,2
23/09/2020,656,327,18,2
24/09/2020,685,366,20,2
25/09/2020,1235,372,57,2
26/09/2020,2191,451,115,2
27/09/2020,1165,705,117,2
28/09/2020,1865,1036,128,2
29/09/2020,1934,1061,101,2
30/09/2020,2983,1518,79,2
01/10/2020,2002,995,121,2
02/10/2020,4117,882,122,2
03/10/2020,300,204,16,2
04/10/2020,1238,557,63,2
05/10/2020,2138,800,92,2
06/10/2020,1293,788,49,2
07/10/2020,746,272,63,2
08/10/2020,302,178,12,2
09/10/2020,1172,426,47,2
10/10/2020,5227,948,120,2
11/10/2020,745,181,102,2
12/10/2020,565,169,103,2
13/10/2020,2103,751,120,2
14/10/2020,1322,359,125,2
15/10/2020,5083,2063,114,2
16/10/2020,1318,346,134,2
17/10/2020,2275,450,116,2
18/10/2020,1864,657,120,2
19/10/2020,1297,186,111,2
20/10/2020,869,346,99,2
21/10/2020,2500,973,99,2
22/10/2020,1535,242,144,2
23/10/2020,1562,323,157,2
24/10/2020,2132,461,96,2
25/10/2020,3332,996,149,2
26/10/2020,1820,474,146,2
27/10/2020,3223,1839,140,2
28/10/2020,6674,3420,127,2
29/10/2020,6007,1131,137,2
30/10/2020,3321,1100,157,2
31/10/2020,2088,628,156,2
01/11/2020,1400,426,145,2
02/11/2020,2132,897,142,2
03/11/2020,2264,445,144,2
04/11/2020,1767,637,128,2
05/11/2020,1750,719,180,2
06/11/2020,3398,1573,142,2
07/11/2020,2437,857,116,2
08/11/2020,859,274,119,2
09/11/2020,1689,489,116,2
10/11/2020,3234,1108,152,2
11/11/2020,1570,982,143,2
12/11/2020,2355,917,139,2
13/11/2020,4290,1889,70,2
14/11/2020,1287,317,46,2
15/11/2020,1727,582,144,2
16/11/2020,2625,564,152,2
17/11/2020,3743,1062,140,2
18/11/2020,961,298,133,2
19/11/2020,1300,453,147,2
20/11/2020,2210,681,150,2
21/11/2020,2643,1138,151,2
22/11/2020,4062,1000,128,2
23/11/2020,1514,422,76,2
24/11/2020,941,274,64,2
25/11/2020,538,253,89,2
26/11/2020,3895,431,116,2
27/11/2020,3019,1100,65,2
28/11/2020,265,173,21,2
29/11/2020,298,177,26,2
30/11/2020,497,140,35,2
01/12/2020,2681,1095,67,2
02/12/2020,3501,1181,30,1
03/12/2020,549,155,105,2
04/12/2020,1413,488,153,2
05/12/2020,1427,383,32,2
06/12/2020,695,161,42,2
07/12/2020,459,129,36,2
08/12/2020,1994,818,32,2
09/12/2020,2901,542,78,2
10/12/2020,2187,1042,132,2
11/12/2020,423,221,13,2
12/12/2020,2685,554,77,2
13/12/2020,1555,314,9,2
14/12/2020,4843,1474,69,2
15/12/2020,1757,863,64,1
16/12/2020,340,183,66,2
17/12/2020,919,428,10,2
18/12/2020,2016,755,67,2
19/12/2020,397,124,43,2
20/12/2020,1114,292,121,2
21/12/2020,1054,377,82,2
22/12/2020,73,69,12,2
23/12/2020,849,270,54,2
24/12/2020,632,180,32,2
25/12/2020,266,117,23,2
26/12/2020,544,290,11,2
27/12/2020,223,152,3,2
28/12/2020,1200,586,20,2
29/12/2020,1205,359,94,2
30/12/2020,1387,365,112,2
31/12/2020,1542,435,54,2
01/01/2021,2923,662,52,2
02/01/2021,936,334,21,2
03/01/2021,574,296,24,2
04/01/2021,6151,1985,43,2
05/01/2021,1133,305,137,2
06/01/2021,2316,1149,97,2
07/01/2021,2324,1020,100,2
08/01/2021,2651,593,115,2
09/01/2021,1626,456,117,2
10/01/2021,1396,405,89,2
11/01/2021,1288,426,80,2
12/01/2021,794,236,27,2
13/01/2021,2011,720,99,2
14/01/2021,132,117,5,2
15/01/2021,2717,580,102,2
16/01/2021,1819,705,51,2
17/01/2021,1069,378,12,1
18/01/2021,1561,381,80,2
19/01/2021,1004,306,70,2
20/01/2021,1856,571,89,2
21/01/2021,1381,454,65,2
22/01/2021,1560,309,93,2
23/01/2021,3107,942,95,2
24/01/2021,2639,1206,105,2
25/01/2021,3980,1421,160,2
26/01/2021,5955,2193,78,2
27/01/2021,2818,867,104,2
28/01/2021,1184,640,62,2
29/01/2021,7057,1387,120,2
30/01/2021,3026,966,79,2
31/01/2021,2898,804,65,2
01/02/2021,1285,297,108,2
02/02/2021,4955,1588,107,2
03/02/2021,1446,470,36,2
04/02/2021,2108,616,67,2
05/02/2021,76,41,8,2
06/02/2021,433,148,21,2
07/02/2021,297,81,29,2
08/02/2021,383,135,48,2
09/02/2021,391,205
10/02/2021,3672,1242,67,2
11/02/2021,3343,1066,114,2
12/02/2021,1494,291,113,2
13/02/2021,1705,244,66,2
14/02/2021,3617,1142,128,2
15/02/2021,11786,3398,67,2
16/02/2021,3098,794,126,2
17/02/2021,2223,798,120,2
18/02/2021,1079,435,106,2
19/02/2021,1743,588,135,2
20/02/2021,785,329,74,2
21/02/2021,216,152,6,2
22/02/2021,400,258,18,2
23/02/2021,11005,2947,86,2
24/02/2021,2408,1053,53,2
25/02/2021,357,159,26,2
26/02/2021,527,89,21,1
27/02/2021,171,101,8,1
28/02/2021,183,99,10,1
01/03/2021,501,135,36,2
02/03/2021,603,246,34,2
03/03/2021,961,385,26,2
04/03/2021,291,156,38,2
05/03/2021,686,195,60,2
06/03/2021,471,96,100,2
07/03/2021,1192,243,45,2
08/03/2021,603,199,25,2
09/03/2021,632,190,22,2
10/03/2021,1449,242,26,2
11/03/2021,1339,277,92,2
12/03/2021,868,232,80,2
13/03/2021,343,93,78,2
14/03/2021,2298,603,74,2
15/03/2021,2087,279,39,2
16/03/2021,696,176,32,2
17/03/2021,514,190,37,2
18/03/2021,2784,351,101,2
19/03/2021,914,161,27,2
20/03/2021,1951,411,79,2
21/03/2021,2053,820,56,2
22/03/2021,1072,238,45,2
23/03/2021,2553,1253,67,2
24/03/2021,1072,238,45,2
25/03/2021,2553,1253,67,2
26/03/2021,855,276,104,2
27/03/2021,1692,699,128,2
28/03/2021,1743,557,114,2
29/03/2021,658,162,93,2
30/03/2021,1314,338,62,2
31/03/2021,1436,557,114,2
01/04/2021,3539,763,56,2
02/04/2021,1152,410,123,2
03/04/2021,1105,514,92,2
04/04/2021,381,152,80,2
05/04/2021,767,414,127,2
06/04/2021,2011,899,96,2
07/04/2021,3096,441,58,1
08/04/2021,579,231,88,2
09/04/2021,1503,393,28,2
10/04/2021,1879,266,23,2
11/04/2021,990,279,32,2
12/04/2021,3370,1582,85,2
13/04/2021,1071,350,104,2
14/04/2021,3166,1146,56,2
15/04/2021,313,210,4,2
16/04/2021,10328,4235,33,2
17/04/2021,5182,2904,24,2
18/04/2021,5885,4071,38,2
19/04/2021,6052,2470,33,2
20/04/2021,1282,465,95,2
21/04/2021,913,404,120,2
22/04/2021,1776,914,118,2
23/04/2021,2753,1297,103,2
24/04/2021,2906,1195,92,2
25/04/2021,2098,1208,105,2
26/04/2021,1837,922,42,2
27/04/2021,2842,1120,108,2
28/04/2021,2792,1094,125,2
29/04/2021,4861,2215,101,2
30/04/2021,4402,1603,44,2
01/05/2021,645,415,62,2
02/05/2021,1311,438,46,2
03/05/2021,1528,900,82,2
04/05/2021,3729,1850,89,2
05/05/2021,2321,882,89,2
06/05/2021,619,258,91,2
07/05/2021,5911,3081,96,2
08/05/2021,7169,3607,85,2
09/05/2021,5687,3380,77,2
10/05/2021,5923,1930,76,2
11/05/2021,5510,1545,83,2
12/05/2021,9311,2120,89,2
13/05/2021,2086,1054,70,2
14/05/2021,2444,1040,97,2
15/05/2021,1648,699,106,3
16/05/2021,1267,717,123,3
17/05/2021,1182,531,103,3
18/05/2021,1458,528,110,3
19/05/2021,1713,838,215,3
20/05/2021,2103,867,108,3
21/05/2021,2410,1239,87,3
22/05/2021,1851,1342,98,3
23/05/2021,1997,764,102,3
24/05/2021,1139,254,93,3
25/05/2021,4181,2007,82,3
26/05/2021,8760,3513,95,3
27/05/2021,3598,1056,97,3
28/05/2021,3231,1155,96,3
29/05/2021,2541,1285,95,3
30/05/2021,2163,797,98,3
31/05/2021,1862,818,117,3
01/06/2021,5326,1624,101,3
02/06/2021,2175,828,102,3
03/06/2021,2705,1152,99,3
04/06/2021,2224,1604,98,3
05/06/2021,4035,1604,98,3
06/06/2021,2497,1031,99,3
07/06/2021,1910,1046,92,3
08/06/2021,2912,938,107,3
09/06/2021,2906,1223,91,3
10/06/2021,3277,1366,103,3
11/06/2021,2677,1053,97,3
12/06/2021,2450,1200,37,3
13/06/2021,2453,651,97,3
14/06/2021,1746,526,89,3
15/06/2021,2608,1205,95,3
16/06/2021,1738,947,100,3
17/06/2021,2434,1045,99,3
18/06/2021,2054,1086,101,3
19/06/2021,2463,980,101,3
20/06/2021,1206,674,89,2
21/06/2021,1626,882,97,3
22/06/2021,1736,729,105,3
23/06/2021,2921,1809,88,3
24/06/2021,2189,416,95,3
25/06/2021,2188,855,97,3
26/06/2021,1525,729,98,3
27/06/2021,2129,1085,89,3
28/06/2021,1553,784,93,3
29/06/2021,4541,2175,95,3
30/06/2021,3072,464,98,3
01/07/2021,2278,580,61,3
02/07/2021,2173,622,52,3
03/07/2021,3461,646,74,3
04/07/2021,2000,500,37,2
05/07/2021,2900,1200,79,2
06/07/2021,3300,1300,92,2
07/07/2021,2653,1322,97,3
08/07/2021,2976,930,111,3
09/07/2021,1377,349,127,3
10/07/2021,3119,1488,101,3
11/07/2021,3134,1421,93,3
12/07/2021,2414,1379,79,3
13/07/2021,4241,1745,92,3
14/07/2021,1879,867,97,3
15/07/2021,4098,1486,96,3
16/07/2021,5088,2880,85,3
17/07/2021,1932,683,97,3
18/07/2021,1307,604,97,3
19/07/2021,1563,423,100,3
20/07/2021,1798,737,96,3
21/07/2021,1625,688,103,3
22/07/2021,2389,1167,101,3
23/07/2021,3624,1430,92,3
24/07/2021,4650,1745,89,3
25/07/2021,3131,1470,100,3
26/07/2021,3189,1761,85,3
27/07/2021,2846,1417,86,3
28/07/2021,3038,1681,105,3
29/07/2021,2691,1158,83,3
30/07/2021,5016,2555,91,3
31/07/2021,2705,1372,77,3
01/08/2021,2811,1379,94,3
02/08/2021,1906,1014,90,3
03/08/2021,2334,1298,75,3
04/08/2021,7247,3352,93,3
05/08/2021,5800,2800,135,2
06/08/2021,2800,812,50,2
07/08/2021,2400,1000,82,2
08/08/2021,2435,1121,95,2
09/08/2021,4800,2000,86,2
10/08/2021,2400,1200,87,2
11/08/2021,2300,1000,87,2
12/08/2021,1598,744,81,3
13/08/2021,4025,1371,89,3
14/08/2021,2611,630,95,3
15/08/2021,1461,780,97,3
16/08/2021,2112,437,69,3
17/08/2021,1068,406,98,3
18/08/2021,2091,263,88,3
19/08/2021,1119,371,83,3
20/08/2021,863,415,62,3
21/08/2021,578,214,81,2
22/08/2021,608,186,66,3
23/08/2021,955,354,92,3
24/08/2021,1877,838,95,3
25/08/2021,1451,860,79,3
26/08/2021,1816,703,94,3
27/08/2021,2210,1027,101,3
28/08/2021,3126,1268,98,3
29/08/2021,1300,657,100,3
30/08/2021,1910,513,106,3
31/08/2021,2749,832,75,3
01/09/2021,1381,505,104,3
02/09/2021,876,352,91,3
03/09/2021,938,304,140,3
04/09/2021,801,268,138,3
05/09/2021,1126,394,106,3
06/09/2021,1119,624,65,3
07/09/2021,1495,670,100,3
08/09/2021,1893,777,101,3
09/09/2021,1758,727,100,3
10/09/2021,1462,542,98,3
11/09/2021,1231,726,101,3
12/09/2021,2552,1152,93,3
13/09/2021,1306,621,101,3
14/09/2021,2230,464,95,3
15/09/2021,1654,787,95,3
16/09/2021,2464,1279,119,3
17/09/2021,1965,573,123,3
18/09/2021,872,256,92,3
19/09/2021,1693,859,79,3
20/09/2021,2340,1192,75,3
21/09/2021,2162,798,60,3
22/09/2021,1780,983,148,3
23/09/2021,3510,1179,112,3
24/09/2021,1673,590,129,3
25/09/2021,763,186,193,3
26/09/2021,1095,249,94,3
27/09/2021,643,235,91,3
28/09/2021,848,367,84,3
29/09/2021,742,265,98,3
30/09/2021,879,338,98,3
01/10/2021,3409,403,192,3
02/10/2021,4570,775,163,3
03/10/2021,1704,499,150,3
04/10/2021,1041,234,118,3
05/10/2021,1479,585,118,3
06/10/2021,1551,417,146,3
07/10/2021,1430,685,55,3
08/10/2021,3695,1201,65,3
09/10/2021,3411,1288,94,3
10/10/2021,1002,224,159,3
11/10/2021,367,161,117,3
12/10/2021,1920,667,174,3
13/10/2021,3971,725,160,3
14/10/2021,2285,845,98,3
15/10/2021,3220,633,92,3
16/10/2021,2570,715,96,3
17/10/2021,3361,1150,164,3
18/10/2021,1422,482,116,3
19/10/2021,3464,477,170,3
20/10/2021,457,219,168,3
21/10/2021,1953,392,180,3
22/10/2021,846,283,177,3
23/10/2021,2101,562,96,3
24/10/2021,2300,977,94,3
25/10/2021,2965,1629,97,3
26/10/2021,1877,706,119,3
27/10/2021,2891,506,105,3
28/10/2021,857,321,97,3
29/10/2021,907,365,156,3
30/10/2021,907,219,161,3
31/10/2021,3340,628,153,3
01/11/2021,1721,417,161,3
02/11/2021,3393,574,175,3
03/11/2021,1241,449,247,3
04/11/2021,4428,679,118,3
05/11/2021,1188,553,117,3
06/11/2021,2025,528,110,3
07/11/2021,1124,314,191,3
08/11/2021,1630,435,141,3
09/11/2021,855,308,196,3
10/11/2021,1084,505,98,3
11/11/2021,2000,690,99,3
12/11/2021,811,325,235,3
13/11/2021,1463,342,146,3
14/11/2021,1273,533,185,3
15/11/2021,5782,804,134,3
16/11/2021,1914,450,207,3
17/11/2021,2404,661,214,3
18/11/2021,1486,538,137,3
19/11/2021,2470,546,176,3
20/11/2021,566,274,109,3
21/11/2021,2080,869,72,3
22/11/2021,233,148,91,3
23/11/2021,537,175,31,3
24/11/2021,1420,397,30,3
25/11/2021,1384,452,99,3
26/11/2021,3923,608,39,3
27/11/2021,2193,1175,103,3
28/11/2021,3194,1768,107,3
29/11/2021,3685,761,209,3
30/11/2021,1430,502,137,3
01/12/2021,1035,302,170,3
02/12/2021,2215,510,200,3
03/12/2021,1643,496,110,3
04/12/2021,2848,1065,93,3
05/12/2021,915,326,124,3
06/12/2021,2752,1112,61,3
07/12/2021,1808,364,101,3
08/12/2021,3060,857,117,3
09/12/2021,1544,479,54,3
10/12/2021,2403,654,98,3
11/12/2021,2820,1258,84,3
12/12/2021,5352,924,96,3
13/12/2021,1671,809,51,3
14/12/2021,1018,232,88,3
15/12/2021,848,182,95,3
16/12/2021,1092,308,124,3
17/12/2021,1682,335,106,3
18/12/2021,1633,236,110,3
19/12/2021,2011,298,120,3
20/12/2021,2943,1015,185,3
21/12/2021,2097,906,101,3
22/12/2021,5564,2187,97,3
23/12/2021,745,306,105,3
24/12/2021,1025,417,59,3
25/12/2021,753,389,61,2
26/12/2021,3213,701,57,2
27/12/2021,2240,1113,87,3
28/12/2021,952,197,109,3
29/12/2021,427,330,21,3
30/12/2021,452,217,38,1
31/12/2021,521,313,50,1
01/01/2022,2245,564,81,3
02/01/2022,4326,975,72,3
03/01/2022,3860,1002,89,3
04/01/2022,5618,1322,130,3
05/01/2022,314,161,135,3
06/01/2022,3256,1612,44,3
07/01/2022,1073,154,64,3
08/01/2022,945,192,86,3
09/01/2022,72,67,8,3
10/01/2022,1388,338,49,3
11/01/2022,730,196,80,3
12/01/2022,1165,785,13,3
13/01/2022,849,190,74,3
14/01/2022,1207,411,71,3
15/01/2022,2539,832,87,3
16/01/2022,4582,656,50,3
17/01/2022,1260,492,90,3
18/01/2022,2169,612,104,3
19/01/2022,1587,749,57,3
20/01/2022,1789,545,52,3
21/01/2022,1168,518,67,3
22/01/2022,732,256,47,3
23/01/2022,1696,730,73,3
24/01/2022,1265,311,70,3
25/01/2022,1153,370,61,3
26/01/2022,2067,958,54,3
27/01/2022,1411,510,35,3
28/01/2022,1815,626,71,3
29/01/2022,1620,373,112,3
30/01/2022,454,178,69,3
31/01/2022,2443,672,47,3
01/02/2022,611,404,19,3
02/02/2022,1134,238,69,3
03/02/2022,1021,560,67,3
04/02/2022,2317,752,103,3
05/02/2022,1226,508,91,3
06/02/2022,1583,806,83,3
07/02/2022,2238,646,104,3
08/02/2022,1445,609,144,3
09/02/2022,3748,1120,130,3
10/02/2022,3370,899,158,3
11/02/2022,2297,613,150,3
12/02/2022,1140,421,100,3
13/02/2022,3325,994,37,3
14/02/2022,510,299,36,3
15/02/2022,495,167,51,3
16/02/2022,2042,579,43,3
17/02/2022,407,306,58,3
18/02/2022,2206,779,120,3
19/02/2022,308,112,42,3
20/02/2022,3065,737,77,3
21/02/2022,1151,424,117,3
22/02/2022,2639,493,176,3
23/02/2022,4950,2043,120,3
24/02/2022,1285,457,88,3
25/02/2022,1996,652,71,3
26/02/2022,875,243,119,3
27/02/2022,858,295,114,3
28/02/2022,742,331,77,3
01/03/2022,420,132,79,3
02/03/2022,686,178,54,3
03/03/2022,1503,505,129,3
04/03/2022,6657,527,65,3
05/03/2022,1209,387,75,3
06/03/2022,631,323,67,3
07/03/2022,859,385,91,3
08/03/2022,396,165,65,3
09/03/2022,3621,304,58,3
10/03/2022,840,270,96,3
11/03/2022,208,77,83,3
12/03/2022,3427,783,192,3
13/03/2022,1292,355,239,3
14/03/2022,3365,1116,157,3
15/03/2022,3395,1587,123,3
16/03/2022,4738,1442,142,3
17/03/2022,1784,755,170,3
18/03/2022,4965,2312,149,3
19/03/2022,4705,1768,199,3
20/03/2022,232,101,64,3
21/03/2022,3891,1862,185,3
22/03/2022,3229,1200,173,3
23/03/2022,3597,1003,180,3
24/03/2022,1188,428,195,3
25/03/2022,3352,1281,180,3
26/03/2022,3808,982,160,2
27/03/2022,3231,1660,137,3
28/03/2022,3041,1219,124,3
29/03/2022,875,253,111,3
30/03/2022,928,316,99,3
31/03/2022,2691,716,191,3